{
	"format_version": "1.8.0",
	"animations": {
		"animation.tsc_wyqxz.idle": {
			"loop": true,
			"animation_length": 0.08333,
			"bones": {
				"left_arm": {
					"rotation": {
						"0.0": [0, 0, 0],
						"0.0417": [-2.5, 0, 0],
						"0.0833": [0, 0, 0]
					}
				},
				"right_arm": {
					"rotation": {
						"0.0": [0, 0, 0],
						"0.0417": [-2.5, 0, 0],
						"0.0833": [0, 0, 0]
					}
				},
				"neck": {
					"rotation": {
						"0.0": [0, 0, 0],
						"0.0417": [2, 0, 0],
						"0.0833": [0, 0, 0]
					}
				}
			}
		},
		"animation.tsc_wyqxz.move": {
			"loop": true,
			"animation_length": 0.375,
			"bones": {
				"root": {
					"position": {
						"0.0": [0, -9, 0],
						"0.1042": [0, -2, 0],
						"0.1875": [0, -9, 0],
						"0.2917": [0, -2, 0],
						"0.375": [0, -9, 0]
					}
				},
				"body": {
					"rotation": {
						"0.0": [10, 0, 0],
						"0.375": [10, 0, 0]
					}
				},
				"mouth": {
					"rotation": {
						"0.0": [17.5, 0, 0],
						"0.1042": [-17.5, 0, 0],
						"0.1875": [17.5, 0, 0],
						"0.2917": [-17.5, 0, 0],
						"0.375": [17.5, 0, 0]
					}
				},
				"left_leg": {
					"rotation": {
						"0.0": [42.5, 0, 0],
						"0.1875": [-80, 0, 0],
						"0.25": [-54.17, 0, 0],
						"0.375": [42.5, 0, 0]
					}
				},
				"left_leg2": {
					"rotation": {
						"0.0": [22.5, 0, 0],
						"0.0417": [44.38, 0, 0],
						"0.1875": [52.5, 0, 0],
						"0.25": [39.17, 0, 0],
						"0.375": [22.5, 0, 0]
					}
				},
				"right_leg": {
					"rotation": {
						"0.0": [-80, 0, 0],
						"0.0417": [-59.37, 0, 0],
						"0.1875": [42.5, 0, 0],
						"0.375": [-80, 0, 0]
					}
				},
				"right_leg2": {
					"rotation": {
						"0.0": [45, 0, 0],
						"0.0417": [48.13, 0, 0],
						"0.1875": [22.5, 0, 0],
						"0.375": [45, 0, 0]
					}
				},
				"left_arm": {
					"rotation": {
						"0.0": [-92.75806, -24.97457, 1.16524],
						"0.1875": [76.91381, 17.07228, -3.90399],
						"0.375": [-92.75806, -24.97457, 1.16524]
					}
				},
				"left_arm2": {
					"rotation": {
						"0.0": [-50, 0, 0],
						"0.375": [-50, 0, 0]
					}
				},
				"right_arm": {
					"rotation": {
						"0.0": [76.91381, -17.07228, 3.90399],
						"0.1875": [-92.75806, 24.97457, -1.16524],
						"0.375": [76.91381, -17.07228, 3.90399]
					}
				},
				"right_arm2": {
					"rotation": {
						"0.0": [-62.5, 0, 0],
						"0.375": [-62.5, 0, 0]
					}
				},
				"neck": {
					"rotation": {
						"0.0": [-15, 0, 0],
						"0.1042": [33.13, 0, 0],
						"0.1875": [-15, 0, 0],
						"0.2917": [33.13, 0, 0],
						"0.375": [-15, 0, 0]
					}
				}
			}
		}
	}
}